{
"lengthUnit": "mil",
"components": {
	"fields": ["COMPONENT_NO", "COMPONENT_NAME", "LAYER", "X_COORDINATE", "Y_COORDINATE", "ANGLE"],
	"rows": [
		[1, "C1", "T", 705, 1805, 180],
		[2, "C2", "T", 705, 1910, 180],
		[3, "C3", "T", 1510, 2020, 180],
		[4, "C4", "T", 2225, 2010, 180],
		[5, "C5", "T", 2225, 1740, 180],
		[6, "C6", "T", 1510, 1740, 180],
		[7, "R1", "T", 370, 1650, 0],
		[8, "R2", "T", 370, 2150, 0],
		[9, "R3", "T", 650, 2190, 180],
		[10, "U1", "T", 1010, 1880, 90],
		[11, "U2", "T", 880, 2190, 180],
		[12, "USB1", "T", 1510, 2255, 0],
		[13, "USB2", "T", 2225, 2255, 0],
		[14, "USB3", "T", 425, 1900, 270],
		[15, "USB4", "T", 2225, 1505, 180],
		[16, "USB5", "T", 1515, 1505, 180],
		[17, "X1", "T", 935, 1555, 180]
	]
},
"pins": {
	"fields": ["PIN_NO", "PIN_NAME", "PIN_X", "PIN_Y", "LAYER", "PIN_TYPE", "NET_NAME", "NET_TYPE", "PAD_SHAPE", "PAD_SIZEX", "PAD_SIZEY", "HOLE_SIZE", "PAD_ANGLE"],
	"rows": [
		[1, "C1_1", 732.56, 1805, "T", "SMD", "U1_14", "", "R", 31.5, 35.43, 0, 180],
		[2, "C1_2", 677.44, 1805, "T", "SMD", "GND", "GND", "R", 31.5, 35.43, 0, 180],
		[3, "C2_1", 732.56, 1910, "T", "SMD", "U1_13", "", "R", 31.5, 35.43, 0, 180],
		[4, "C2_2", 677.44, 1910, "T", "SMD", "GND", "GND", "R", 31.5, 35.43, 0, 180],
		[5, "C3_1", 1569.74, 2020, "T", "SMD", "GND", "GND", "R", 64.37, 106.3, 0, 180],
		[6, "C3_2", 1450.26, 2020, "T", "SMD", "+5V", "", "R", 64.37, 106.3, 0, 180],
		[7, "C4_1", 2284.74, 2010, "T", "SMD", "GND", "GND", "R", 64.37, 106.3, 0, 180],
		[8, "C4_2", 2165.26, 2010, "T", "SMD", "+5V", "", "R", 64.37, 106.3, 0, 180],
		[9, "C5_1", 2284.74, 1740, "T", "SMD", "GND", "GND", "R", 64.37, 106.3, 0, 180],
		[10, "C5_2", 2165.26, 1740, "T", "SMD", "+5V", "", "R", 64.37, 106.3, 0, 180],
		[11, "C6_1", 1569.74, 1740, "T", "SMD", "GND", "GND", "R", 64.37, 106.3, 0, 180],
		[12, "C6_2", 1450.26, 1740, "T", "SMD", "+5V", "", "R", 64.37, 106.3, 0, 180],
		[13, "R1_1", 330.63, 1650, "T", "SMD", "GND", "GND", "R", 44.59, 54.21, 0, 0],
		[14, "R1_2", 409.37, 1650, "T", "SMD", "USB3_A5", "", "R", 44.59, 54.21, 0, 0],
		[15, "R2_1", 330.63, 2150, "T", "SMD", "GND", "GND", "R", 44.59, 54.21, 0, 0],
		[16, "R2_2", 409.37, 2150, "T", "SMD", "USB3_B5", "", "R", 44.59, 54.21, 0, 0],
		[17, "R3_1", 708.22, 2190, "T", "SMD", "U2_2", "", "R", 47.54, 66.97, 0, 180],
		[18, "R3_2", 591.78, 2190, "T", "SMD", "+5V", "", "R", 47.54, 66.97, 0, 180],
		[19, "U1_1", 1123.09, 1705, "T", "SMD", "4D-", "", "O", 22.05, 68.7, 0, 90],
		[20, "U1_2", 1123.09, 1755, "T", "SMD", "4D+", "", "O", 22.05, 68.7, 0, 90],
		[21, "U1_3", 1123.09, 1805, "T", "SMD", "3D-", "", "O", 22.05, 68.7, 0, 90],
		[22, "U1_4", 1123.09, 1855, "T", "SMD", "3D+", "", "O", 22.05, 68.7, 0, 90],
		[23, "U1_5", 1123.09, 1905, "T", "SMD", "2D-", "", "O", 22.05, 68.7, 0, 90],
		[24, "U1_6", 1123.09, 1955, "T", "SMD", "2D+", "", "O", 22.05, 68.7, 0, 90],
		[25, "U1_7", 1123.09, 2005, "T", "SMD", "1D-", "", "O", 22.05, 68.7, 0, 90],
		[26, "U1_8", 1123.09, 2055, "T", "SMD", "1D+", "", "O", 22.05, 68.7, 0, 90],
		[27, "U1_9", 896.91, 2055, "T", "SMD", "D-", "", "O", 22.05, 68.7, 0, 90],
		[28, "U1_10", 896.91, 2005, "T", "SMD", "D+", "", "O", 22.05, 68.7, 0, 90],
		[29, "U1_11", 896.91, 1955, "T", "SMD", "+5V", "", "O", 22.05, 68.7, 0, 90],
		[30, "U1_12", 896.91, 1905, "T", "SMD", "GND", "GND", "O", 22.05, 68.7, 0, 90],
		[31, "U1_13", 896.91, 1855, "T", "SMD", "U1_13", "", "O", 22.05, 68.7, 0, 90],
		[32, "U1_14", 896.91, 1805, "T", "SMD", "U1_14", "", "O", 22.05, 68.7, 0, 90],
		[33, "U1_15", 896.91, 1755, "T", "SMD", "U1_15", "", "O", 22.05, 68.7, 0, 90],
		[34, "U1_16", 896.91, 1705, "T", "SMD", "U1_16", "", "O", 22.05, 68.7, 0, 90],
		[35, "U2_1", 923.31, 2190, "T", "SMD", "GND", "GND", "R", 39.37, 49.21, 0, 0],
		[36, "U2_2", 836.69, 2190, "T", "SMD", "U2_2", "", "R", 39.37, 49.21, 0, 0],
		[37, "USB1_1", 1372.21, 2302.24, "T", "DIP", "+5V", "", "C", 59.05, 59.05, 36.22, 0],
		[38, "USB1_1", 1372.21, 2302.24, "B", "DIP", "+5V", "", "C", 59.05, 59.05, 36.22, 0],
		[39, "USB1_2", 1470.63, 2302.24, "T", "DIP", "1D-", "", "C", 59.05, 59.05, 36.22, 0],
		[40, "USB1_2", 1470.63, 2302.24, "B", "DIP", "1D-", "", "C", 59.05, 59.05, 36.22, 0],
		[41, "USB1_3", 1549.37, 2302.24, "T", "DIP", "1D+", "", "C", 59.05, 59.05, 36.22, 0],
		[42, "USB1_3", 1549.37, 2302.24, "B", "DIP", "1D+", "", "C", 59.05, 59.05, 36.22, 0],
		[43, "USB1_4", 1647.8, 2302.24, "T", "DIP", "GND", "GND", "C", 59.05, 59.05, 36.22, 0],
		[44, "USB1_4", 1647.8, 2302.24, "B", "DIP", "GND", "GND", "C", 59.05, 59.05, 36.22, 0],
		[45, "USB1_5", 1771.81, 2207.76, "T", "DIP", "GND", "GND", "C", 122.05, 122.05, 90.55, 0],
		[46, "USB1_5", 1771.81, 2207.76, "B", "DIP", "GND", "GND", "C", 122.05, 122.05, 90.55, 0],
		[47, "USB1_6", 1248.19, 2207.76, "T", "DIP", "GND", "GND", "C", 122.05, 122.05, 90.55, 0],
		[48, "USB1_6", 1248.19, 2207.76, "B", "DIP", "GND", "GND", "C", 122.05, 122.05, 90.55, 0],
		[49, "USB2_1", 2087.21, 2302.24, "T", "DIP", "+5V", "", "C", 59.05, 59.05, 36.22, 0],
		[50, "USB2_1", 2087.21, 2302.24, "B", "DIP", "+5V", "", "C", 59.05, 59.05, 36.22, 0],
		[51, "USB2_2", 2185.63, 2302.24, "T", "DIP", "2D-", "", "C", 59.05, 59.05, 36.22, 0],
		[52, "USB2_2", 2185.63, 2302.24, "B", "DIP", "2D-", "", "C", 59.05, 59.05, 36.22, 0],
		[53, "USB2_3", 2264.37, 2302.24, "T", "DIP", "2D+", "", "C", 59.05, 59.05, 36.22, 0],
		[54, "USB2_3", 2264.37, 2302.24, "B", "DIP", "2D+", "", "C", 59.05, 59.05, 36.22, 0],
		[55, "USB2_4", 2362.8, 2302.24, "T", "DIP", "GND", "GND", "C", 59.05, 59.05, 36.22, 0],
		[56, "USB2_4", 2362.8, 2302.24, "B", "DIP", "GND", "GND", "C", 59.05, 59.05, 36.22, 0],
		[57, "USB2_5", 2486.81, 2207.76, "T", "DIP", "GND", "GND", "C", 122.05, 122.05, 90.55, 0],
		[58, "USB2_5", 2486.81, 2207.76, "B", "DIP", "GND", "GND", "C", 122.05, 122.05, 90.55, 0],
		[59, "USB2_6", 1963.19, 2207.76, "T", "DIP", "GND", "GND", "C", 122.05, 122.05, 90.55, 0],
		[60, "USB2_6", 1963.19, 2207.76, "B", "DIP", "GND", "GND", "C", 122.05, 122.05, 90.55, 0],
		[61, "USB3_1", 495.37, 2070.08, "T", "DIP", "GND", "GND", "O", 39.37, 82.68, 66.93, 270],
		[62, "USB3_1", 495.37, 2070.08, "B", "DIP", "GND", "GND", "O", 39.37, 82.68, 66.93, 270],
		[63, "USB3_2", 495.37, 1729.92, "T", "DIP", "GND", "GND", "O", 39.37, 82.68, 66.93, 270],
		[64, "USB3_2", 495.37, 1729.92, "B", "DIP", "GND", "GND", "O", 39.37, 82.68, 66.93, 270],
		[65, "USB3_3", 331.99, 2070.08, "T", "DIP", "GND", "GND", "O", 39.37, 70.87, 55.12, 270],
		[66, "USB3_3", 331.99, 2070.08, "B", "DIP", "GND", "GND", "O", 39.37, 70.87, 55.12, 270],
		[67, "USB3_4", 331.99, 1729.92, "T", "DIP", "GND", "GND", "O", 39.37, 70.87, 55.12, 270],
		[68, "USB3_4", 331.99, 1729.92, "B", "DIP", "GND", "GND", "O", 39.37, 70.87, 55.12, 270],
		[69, "USB3_A1B12", 518.01, 2025.99, "T", "SMD", "GND", "GND", "R", 23.62, 45.28, 0, 270],
		[70, "USB3_A4B9", 518.01, 1994.49, "T", "SMD", "+5V", "", "R", 23.62, 45.28, 0, 270],
		[71, "USB3_A5", 518.01, 1949.21, "T", "SMD", "USB3_A5", "", "R", 11.81, 45.28, 0, 270],
		[72, "USB3_A6", 518.01, 1909.84, "T", "SMD", "D+", "", "R", 11.81, 45.28, 0, 270],
		[73, "USB3_A7", 518.01, 1890.16, "T", "SMD", "D-", "", "R", 11.81, 45.28, 0, 270],
		[74, "USB3_A8", 518.01, 1968.9, "T", "SMD", "USB3_A8", "", "R", 11.81, 45.28, 0, 270],
		[75, "USB3_B1A12", 518.01, 1774.02, "T", "SMD", "GND", "GND", "R", 23.62, 45.28, 0, 270],
		[76, "USB3_B4A9", 518.01, 1805.51, "T", "SMD", "+5V", "", "R", 23.62, 45.28, 0, 270],
		[77, "USB3_B5", 518.01, 1831.1, "T", "SMD", "USB3_B5", "", "R", 11.81, 45.28, 0, 270],
		[78, "USB3_B6", 518.01, 1870.47, "T", "SMD", "D+", "", "R", 11.81, 45.28, 0, 270],
		[79, "USB3_B7", 518.01, 1929.53, "T", "SMD", "D-", "", "R", 11.81, 45.28, 0, 270],
		[80, "USB3_B8", 518.01, 1850.79, "T", "SMD", "USB3_B8", "", "R", 11.81, 45.28, 0, 270],
		[81, "USB4_1", 2362.79, 1457.75, "T", "DIP", "+5V", "", "C", 59.05, 59.05, 36.22, 180],
		[82, "USB4_1", 2362.79, 1457.75, "B", "DIP", "+5V", "", "C", 59.05, 59.05, 36.22, 180],
		[83, "USB4_2", 2264.37, 1457.75, "T", "DIP", "3D-", "", "C", 59.05, 59.05, 36.22, 180],
		[84, "USB4_2", 2264.37, 1457.75, "B", "DIP", "3D-", "", "C", 59.05, 59.05, 36.22, 180],
		[85, "USB4_3", 2185.63, 1457.75, "T", "DIP", "3D+", "", "C", 59.05, 59.05, 36.22, 180],
		[86, "USB4_3", 2185.63, 1457.75, "B", "DIP", "3D+", "", "C", 59.05, 59.05, 36.22, 180],
		[87, "USB4_4", 2087.2, 1457.75, "T", "DIP", "GND", "GND", "C", 59.05, 59.05, 36.22, 180],
		[88, "USB4_4", 2087.2, 1457.75, "B", "DIP", "GND", "GND", "C", 59.05, 59.05, 36.22, 180],
		[89, "USB4_5", 1963.19, 1552.25, "T", "DIP", "GND", "GND", "C", 122.05, 122.05, 90.55, 180],
		[90, "USB4_5", 1963.19, 1552.25, "B", "DIP", "GND", "GND", "C", 122.05, 122.05, 90.55, 180],
		[91, "USB4_6", 2486.81, 1552.25, "T", "DIP", "GND", "GND", "C", 122.05, 122.05, 90.55, 180],
		[92, "USB4_6", 2486.81, 1552.25, "B", "DIP", "GND", "GND", "C", 122.05, 122.05, 90.55, 180],
		[93, "USB5_1", 1652.79, 1457.75, "T", "DIP", "+5V", "", "C", 59.05, 59.05, 36.22, 180],
		[94, "USB5_1", 1652.79, 1457.75, "B", "DIP", "+5V", "", "C", 59.05, 59.05, 36.22, 180],
		[95, "USB5_2", 1554.37, 1457.75, "T", "DIP", "4D-", "", "C", 59.05, 59.05, 36.22, 180],
		[96, "USB5_2", 1554.37, 1457.75, "B", "DIP", "4D-", "", "C", 59.05, 59.05, 36.22, 180],
		[97, "USB5_3", 1475.63, 1457.75, "T", "DIP", "4D+", "", "C", 59.05, 59.05, 36.22, 180],
		[98, "USB5_3", 1475.63, 1457.75, "B", "DIP", "4D+", "", "C", 59.05, 59.05, 36.22, 180],
		[99, "USB5_4", 1377.2, 1457.75, "T", "DIP", "GND", "GND", "C", 59.05, 59.05, 36.22, 180],
		[100, "USB5_4", 1377.2, 1457.75, "B", "DIP", "GND", "GND", "C", 59.05, 59.05, 36.22, 180],
		[101, "USB5_5", 1253.19, 1552.25, "T", "DIP", "GND", "GND", "C", 122.05, 122.05, 90.55, 180],
		[102, "USB5_5", 1253.19, 1552.25, "B", "DIP", "GND", "GND", "C", 122.05, 122.05, 90.55, 180],
		[103, "USB5_6", 1776.81, 1552.25, "T", "DIP", "GND", "GND", "C", 122.05, 122.05, 90.55, 180],
		[104, "USB5_6", 1776.81, 1552.25, "B", "DIP", "GND", "GND", "C", 122.05, 122.05, 90.55, 180],
		[105, "X1_1", 1031.45, 1555, "T", "DIP", "U1_16", "", "C", 55.12, 55.12, 27.56, 180],
		[106, "X1_1", 1031.45, 1555, "B", "DIP", "U1_16", "", "C", 55.12, 55.12, 27.56, 180],
		[107, "X1_2", 838.55, 1555, "T", "DIP", "U1_15", "", "C", 55.12, 55.12, 27.56, 180],
		[108, "X1_2", 838.55, 1555, "B", "DIP", "U1_15", "", "C", 55.12, 55.12, 27.56, 180]
	]
}
}